<?xml version="1.0" encoding="UTF-8"?>
<project-private xmlns="http://www.netbeans.org/ns/project-private/1">
    <editor-bookmarks xmlns="http://www.netbeans.org/ns/editor-bookmarks/2" lastBookmarkId="0"/>
    <open-files xmlns="http://www.netbeans.org/ns/projectui-open-files/2">
        <group>
            <file>file:/windows/C/jbook4/JavaBio/Programs/Chapter12/Chemotaxis5/src/chemotaxis/Pond.java</file>
            <file>file:/windows/C/jbook4/JavaBio/Programs/Chapter12/Chemotaxis5/src/chemotaxis/Bacterium.java</file>
            <file>file:/windows/C/jbook4/JavaBio/Programs/Chapter12/Chemotaxis5/src/chemotaxis/Genes.java</file>
            <file>file:/windows/C/jbook4/JavaBio/Programs/Chapter12/Chemotaxis5/src/chemotaxis/Genotype.java</file>
        </group>
    </open-files>
</project-private>
